ticker,file
DAL,"2026-04-24 00-29_1 Profitable Stock with Exciting Potential and 2 W.txt"
DAL,"2026-04-23 18-30_Southwest Airlines Q1 Earnings Meet Estimates, Rev.txt"
DAL,"2026-04-23 17-38_CSX Q1 Earnings Beat Estimates, Revenues Lag, 2026.txt"
DAL,"2026-04-22 17-03_Wabtec Q1 Earnings & Revenues Beat Estimates, Up Y.txt"
DAL,"2026-04-24 12-58_SkyWest Results Top Estimates in Q1 Earnings, Reve.txt"
DAL,"2026-04-22 16-15_United earnings_ How airlines continue to factor i.txt"
DAL,"2026-04-23 14-15_American Airlines Cuts Guidance, Flags $4 Billion .txt"
DAL,"2026-04-22 15-58_Alaska Air's Shares Decline 4.8pct Since Q1 FY26 Ear.txt"
DAL,"2026-04-24 13-17_The Global Jet Fuel Crisis Is Just Getting Started.txt"
DAL,"2026-04-23 08-58_Southwest Airlines Stock Is Falling. Fuel Prices T.txt"
DAL,"2026-04-23 16-11_AAL Posts Narrower-Than-Expected Q1 Loss Amid Reve.txt"
DAL,"2026-04-23 17-00_American Airlines boosts loyalty enrollments 25pct.txt"
DAL,"2026-04-23 15-14_Union Pacific's Q1 Earnings Beat Estimates, Revenu.txt"
DAL,"2026-04-23 20-30_Delta Air Lines Declares Quarterly Dividend.txt"
DAL,"2026-04-22 15-03_United Airlines Q1 Earnings & Revenues Surpass Est.txt"
GS,"2026-04-23 21-36_Goldman Sachs Asset Management Announces Liquidati.txt"
GS,"2026-04-23 10-20_Should Goldman Sachs ActiveBeta U.S. Large Cap Equ.txt"
GS,"2026-04-24 17-52_Goldman Sachs Says Gulf Oil Output Down 57pct Amid O.txt"
GS,"2026-04-23 13-43_Goldman Issues Stark Message on S&P 500.txt"
GS,"2026-04-23 09-08_Goldman Strategist Sees European Earnings Pared by.txt"
GS,"2026-04-24 17-04_How The F5 (FFIV) Story Is Shifting With AI Securi.txt"
GS,"2026-04-23 08-41_BofA Flags Investor Caution on The Goldman Sachs G.txt"
GS,"2026-04-23 09-46_Goldman Sachs Updates ASML Holding NV (ASML) Estim.txt"
GS,"2026-04-24 09-12_World Inflation Scare Is Coming as Chinese Exporte.txt"
GS,"2026-04-23 10-00_Best CD rates today, April 23, 2026 (lock in up to.txt"
GS,"2026-04-24 15-34_Ripple Says Spot XRP ETFs Have Reached $1.53 Billi.txt"
GS,"2026-04-24 16-58_Chinese Export Prices Rise Up To 20pct As Iran War L.txt"
GS,"2026-04-24 08-25_ING Bank Śląski completes acquisition of Goldman S.txt"
GS,"2026-04-24 12-18_Collapsing Volatility Turbocharges Returns in Carr.txt"
GS,"2026-04-23 09-30_Goldman Sachs Alternatives Invests $50 Million in .txt"
GS,"2026-04-24 07-35_Goldman Says Persian Gulf Oil Supply 57pct Below Pre.txt"
GS,"2026-04-23 15-40_After Solid Q1, Should You Hold or Fold Goldman at.txt"
GS,"2026-04-24 04-00_Goldman Sachs leads record renminbi borrowing by U.txt"
GS,"2026-04-24 12-00_Former Goldman Sachs CEO says he ‘smells’ a 2008-s.txt"
CVX,"2026-04-21 21-35_The Global Energy ETF That Turns a Middle East Cri.txt"
CVX,"2026-04-23 17-01_Deepening Growth Pipeline Sustains Warren Buffett’.txt"
CVX,"2026-04-23 11-32_3 Dividend Stocks To Consider Yielding Over 3.2pct.txt"
CVX,"2026-04-23 10-30_Bull of the Day_ Chevron Corporation (CVX).txt"
CVX,"2026-04-22 11-14_Chevron’s Venezuela Opening And Hormuz Shock Refra.txt"
CVX,"2026-04-24 13-00_Chevron Corporation (CVX) Is a Trending Stock_ Fac.txt"
CVX,"2026-04-22 06-37_Chevron Corporation (CVX)_ Among the Best Crude Oi.txt"
CVX,"2026-04-23 06-37_UBS Raises its Price Target on Occidental Petroleu.txt"
CVX,"2026-04-23 20-05_Sector Update_ Energy Stocks Rise Thursday.txt"
CVX,"2026-04-23 13-40_Kinder Morgan's Q1 Earnings Beat on Natural Gas Pi.txt"
CVX,"2026-04-22 21-52_Chevron Corporation (CVX) Expands Stakes in Venezu.txt"
CVX,"2026-04-24 14-00_Earnings Preview_ Chevron (CVX) Q1 Earnings Expect.txt"
CVX,"2026-04-22 15-20_RRC Q1 Earnings Surpass Estimates on Higher Price .txt"
CVX,"2026-04-24 12-50_Why Warren Buffett’s Highest-Yielding Berkshire Ha.txt"
CVX,"2026-04-24 17-13_Exxon Stock and Chevron Stock Are Up 20pct+ YTD – Wh.txt"
CVX,"2026-04-22 13-23_HELLENiQ Upstream Joins the 10th Balkans Energy Su.txt"
CVX,"2026-04-23 11-37_This Week In Energy Transition - Europe's Path to .txt"
CVX,"2026-04-23 12-49_Chevron and Avis Budget have been highlighted as Z.txt"
CVX,"2026-04-24 14-03_Chevron (CVX) Valuation Check As Oil Price Shock A.txt"
CVX,"2026-04-23 12-16_Buy 5 High-Flying Old Economy Stocks of 2026 With .txt"
NVDA,"2026-04-24 18-07_Want $1 Million in Retirement_ 3 Index Funds to St.txt"
NVDA,"2026-04-24 16-57_Intel's Post-Earnings Remarks Indicate Full-Year R.txt"
NVDA,"2026-04-24 17-56_Stock Market Today_ Nasdaq Eyes New Highs As Magni.txt"
NVDA,"2026-04-24 17-13_US Equity Indexes Mixed as Intel Boosts Technology.txt"
NVDA,"2026-04-24 18-07_2 Chip Stocks That Have Gone Parabolic This Month..txt"
NVDA,"2026-04-24 17-25_Amazon's Unconventional Path to Profitability_ Wha.txt"
NVDA,"2026-04-24 16-51_Oracle Corporation (ORCL)_ A Safe Stock for Beginn.txt"
NVDA,"2026-04-24 17-37_How to Approach Stock Market Investing Through Sur.txt"
NVDA,"2026-04-24 18-08_Nvidia, Intel and AMD Lead Chip Stocks as AI Wave .txt"
NVDA,"2026-04-24 17-18_1 ETF to Buy Before a $1.5 Trillion Defense Budget.txt"
NVDA,"2026-04-24 18-08_3 Small-Cap Value ETFs Poised to Outperform in 202.txt"
NVDA,"2026-04-24 18-18_Why Arm Holdings Took Off on Friday.txt"
NVDA,"2026-04-24 17-35_Nvidia stock on track for record close, pushing ma.txt"
NVDA,"2026-04-24 16-57_Google's AI Reckoning_ Can Gemini Turn Dominance I.txt"
NVDA,"2026-04-24 18-15_Why Shares of Tractor Supply Stock Slumped 17.9pct T.txt"
NVDA,"2026-04-24 18-05_Wedbush delivers urgent message for Orcale stock i.txt"
NVDA,"2026-04-24 18-07_Cadence’s Expanded AI Alliances With TSMC, NVIDIA .txt"
NVDA,"2026-04-24 18-09_Nvidia market cap back above $5T, Alphabet to inve.txt"
NVDA,"2026-04-24 17-54_Equities Mostly Rise Intraday as Intel Rallies; Oi.txt"
NVDA,"2026-04-24 17-16_The Smartest Dividend ETF to Buy With $2,000 in Ap.txt"
UNH,"2026-04-22 23-09_Buy UnitedHealth or Intuitive Surgical Stock After.txt"
UNH,"2026-04-23 23-41_2 Healthcare Stocks Worth Your Attention and 1 We .txt"
UNH,"2026-04-24 14-41_UnitedHealth Group (UNH)_ Vertical Integration Res.txt"
UNH,"2026-04-23 05-04_Independent Chair Proposal Tests Governance And Va.txt"
UNH,"2026-04-24 15-01_Jim Cramer Says UNH at $354 Is a Steal — Here’s Wh.txt"
UNH,"2026-04-23 12-03_Molina controls costs in Q1 but future Medicaid sp.txt"
UNH,"2026-04-23 12-21_What Makes UnitedHealth Group (UNH) the Best in Va.txt"
UNH,"2026-04-23 18-56_MOH Q1 EPS Tops Estimates on Lower Medical Costs, .txt"
UNH,"2026-04-24 11-03_A $900,000 Stock Portfolio Exposed to Just Three S.txt"
UNH,"2026-04-23 22-23_These Companies Are Raising Guidance This Earnings.txt"
UNH,"2026-04-24 11-08_UnitedHealthcare Champions Industry Effort to Stan.txt"
UNH,"2026-04-23 20-34_Top Research Reports for UnitedHealth, Morgan Stan.txt"
UNH,"2026-04-23 15-54_Why BSX Stock's Q1 Beat Is A Lagging Indicator.txt"
UNH,"2026-04-24 15-07_A Look At UnitedHealth Group (UNH) Valuation As Q1.txt"
UNH,"2026-04-23 14-06_Jim Cramer Says UnitedHealth Group Is a Buy. Histo.txt"
UNH,"2026-04-23 09-04_UnitedHealth Just Proved Warren Buffett Right -- A.txt"
UNH,"2026-04-23 08-40_UnitedHealth Group Incorporated (UNH) Launches Bro.txt"
KO,"2026-04-23 13-15_Exploring Analyst Estimates for Coca-Cola (KO) Q1 .txt"
KO,"2026-04-24 14-40_The Coca-Cola Company (KO)_ Investors Hedge Agains.txt"
KO,"2026-04-23 17-01_Why Is The Coca-Cola Company (KO) Part Of Warren B.txt"
KO,"2026-04-24 15-27_3 Consumer Staples Stocks That Provide Stability i.txt"
KO,"2026-04-23 14-30_Got 5,000_ Coca-Cola vs. PepsiCo – One Has Quietly.txt"
KO,"2026-04-22 20-10_Coca-Cola Consolidated, Inc. to Release First Quar.txt"
KO,"2026-04-22 13-45_Wall Street’s Bullish Stocks View Contrasts With C.txt"
KO,"2026-04-23 06-25_Now Even Volvo Is Putting Tesla in the Rearview Mi.txt"
KO,"2026-04-23 20-04_These 5 Stocks Pay You Even When You’re Sleeping.txt"
KO,"2026-04-21 21-50_Coca-Cola (KO) Falls More Steeply Than Broader Mar.txt"
KO,"2026-04-23 18-00_Groceries Cost $741 More Than 6 Year Ago — and You.txt"
KO,"2026-04-22 20-45_2 Mega-Cap Stocks to Research Further and 1 Facing.txt"
KO,"2026-04-23 16-06_TAP's Q1 Earnings Coming Up_ Will the Stock Extend.txt"
KO,"2026-04-22 14-39_Coca-Cola vs. Monster Beverage_ Which Stock Is the.txt"
KO,"2026-04-22 11-35_If You Bought Coca-Cola When Buffett Did, Here’s W.txt"
KO,"2026-04-22 21-43_After Costco's Surge, Here Are the 3 Best S&P 500 .txt"
KO,"2026-04-23 12-10_Keurig Dr Pepper, Inc (KDP) Surpasses Q1 Earnings .txt"
KO,"2026-04-22 09-50_Here's How Much Dividend Income You'd Have Collect.txt"
KO,"2026-04-23 04-24_Coca-Cola India's First-Ever Activation at BLR Air.txt"
KO,"2026-04-22 08-30_3 Warren Buffett Stocks to Hold Forever.txt"
META,"2026-04-24 16-08_Apple Got the CEO It Wants. The Stock Gets the One.txt"
META,"2026-04-24 16-22_Meta Expands AWS Partnership as Agentic AI Push Dr.txt"
META,"2026-04-24 16-40_Advanced Micro Devices (AMD)_ The Best Fast Growth.txt"
META,"2026-04-24 17-34_Sector Update_ Tech Stocks Gain Friday Afternoon.txt"
META,"2026-04-24 15-52_Meta signs multibillion-dollar deal for Amazon Gra.txt"
META,"2026-04-24 16-56_Meta to deploy Amazon’s Graviton chips in expanded.txt"
META,"2026-04-24 15-09_Amazon Expands AI Chip Reach And Deepens Healthcar.txt"
META,"2026-04-24 17-11_Meta Platforms Signs Multiyear AI Chip Deal With A.txt"
META,"2026-04-24 16-57_Google's AI Reckoning_ Can Gemini Turn Dominance I.txt"
META,"2026-04-24 15-39_Are large layoff announcements a sign of something.txt"
META,"2026-04-24 18-19_This Stock Is My Biggest Bet Right Now.txt"
META,"2026-04-24 15-28_META Builds Advanced Tools for Creators_ Can They .txt"
META,"2026-04-24 15-30_Meta Platforms, Inc. (META)_ Bill Ackman Opens New.txt"
META,"2026-04-24 15-28_Top Midday Stories_ Intel Shares Soar After Q1 Bea.txt"
META,"2026-04-24 18-22_Is AppLovin Corporation (APP) A Good Stock To Buy .txt"
META,"2026-04-24 17-14_Meta Platforms May Disclose More Job Cuts as AI In.txt"
META,"2026-04-24 17-01_'We Will Have More Agents Than Human Employees,' C.txt"
META,"2026-04-24 15-55_Unity Software (U) Faces AI Challenges Despite Pow.txt"
META,"2026-04-24 15-55_Crypto latest_ Michael Saylor says crypto 'winter'.txt"
META,"2026-04-24 15-46_Tired Of Being Homeowners, They Want To Sell Their.txt"
MCD,"2026-04-23 18-56_Selling A Spread On McDonald's Stock Could Deliver.txt"
MCD,"2026-04-21 15-41_Dutch Bros' Q1 Beat May Lift Full-Year 2026 Guidan.txt"
MCD,"2026-04-23 13-39_McDonald’s Price Target Hits $341—But Cracks Are S.txt"
MCD,"2026-04-23 22-06_Does McDonald’s Sub-US$3 Value Push Reshape the Bu.txt"
MCD,"2026-04-23 11-59_Here Are Thursday’s Top Wall Street Analyst Resear.txt"
MCD,"2026-04-21 16-49_McDonald’s Q1 profit seen slightly below estimates.txt"
MCD,"2026-04-21 18-18_Under $3 Deals and $4 Bundles_ McDonald’s Doubles .txt"
MCD,"2026-04-24 13-00_Investors Heavily Search McDonald's Corporation (M.txt"
MCD,"2026-04-23 13-44_Texas Instruments upgraded, Avis downgraded_ Wall .txt"
MCD,"2026-04-22 16-44_McDonald's Seen Posting Largely In-Line First-Quar.txt"
MCD,"2026-04-21 12-00_Advertising leaders join Rocketium to scale AI-pow.txt"
MCD,"2026-04-21 23-01_McDonald’s UK boss says ‘hard to do business’ but .txt"
MCD,"2026-04-23 13-49_McDonald's added a lot of new U.S. restaurants in .txt"
MCD,"2026-04-22 11-18_Are consumers finally cracking under the weight of.txt"
CAT,"2026-04-24 14-00_Earnings Preview_ Terex (TEX) Q1 Earnings Expected.txt"
CAT,"2026-04-22 21-57_1 Unpopular Stock That Should Get More Attention a.txt"
CAT,"2026-04-23 12-34_S&P 500 Stocks_ Equipment Giant Flashes Buy Signal.txt"
CAT,"2026-04-21 22-39_Caterpillar, IBD Stock Of The Day, Rises In Buy Zo.txt"
CAT,"2026-04-21 14-08_Caterpillar Stock Can Gain 20pct, Analyst Says. How .txt"
CAT,"2026-04-22 21-54_Caterpillar Inc. (CAT) Asserts Commitment to Share.txt"
CAT,"2026-04-23 14-00_Caterpillar (CAT) Earnings Expected to Grow_ Shoul.txt"
CAT,"2026-04-22 21-45_Caterpillar (CAT) Stock Moves 1.05pct_ What You Shou.txt"
CAT,"2026-04-24 08-04_Caterpillar (CAT) Valuation Check After A Strong S.txt"
CAT,"2026-04-23 20-20_Morgan Stanley Ups Caterpillar (CAT) Target to $43.txt"
CAT,"2026-04-21 13-27_These Are The 5 Best Stocks To Buy Or Watch Now.txt"
CAT,"2026-04-23 12-54_PNR Gears Up to Report Q1 Earnings_ What's in the .txt"
CAT,"2026-04-23 02-17_Is It Too Late To Consider Caterpillar (CAT) After.txt"
CAT,"2026-04-24 12-24_Warren Buffett Found Plenty of Stock Buys Over the.txt"
CAT,"2026-04-23 19-09_3 Reasons to Avoid CAT and 1 Stock to Buy Instead.txt"
CAT,"2026-04-21 16-27_Does United Rentals Stock Qualify As A Top-Tier Ca.txt"
CAT,"2026-04-22 12-05_Dow Jones Futures Rise As Trump Extends Iran Cease.txt"
NKE,"2026-04-24 17-45_Lululemon Names Nike Veteran CEO As Shares Hit Six.txt"
NKE,"2026-04-23 21-30_Nike Cutting 1,400 More Jobs. The Stock Is Rising..txt"
NKE,"2026-04-23 16-37_Lululemon shares drop after CEO change amplifies o.txt"
NKE,"2026-04-23 21-18_Nike cutting 1,400 jobs in latest round of layoffs.txt"
NKE,"2026-04-24 10-01_Klarna resell sees 75pct rise as users earn ‘real mo.txt"
NKE,"2026-04-24 14-00_What Microsoft buyouts, Meta layoffs signal about .txt"
NKE,"2026-04-24 08-21_Why Lululemon (LULU) Stock Is Down Today.txt"
NKE,"2026-04-24 11-08_Nike cuts 1,400 jobs across tech, operations.txt"
NKE,"2026-04-24 11-18_Nike cutting 1,400 jobs in second layoff round of .txt"
NKE,"2026-04-23 16-50_Nike Is Now the Third Highest-Yielding Dividend St.txt"
NKE,"2026-04-23 20-51_Is Nike’s Next Focus an Expanded Presence in Team .txt"
NKE,"2026-04-23 19-37_Jim Cramer Shares Hot Take on Nike (NKE) & Elliott.txt"
NKE,"2026-04-23 21-25_Nike Cuts 1,400 Jobs in Operations and Tech in Lat.txt"
NKE,"2026-04-24 14-47_Nike to cut 1,400 jobs amid sales slowdown.txt"
NKE,"2026-04-24 13-47_S&P 500 Climbs as Intel Posts Best Quarter in Year.txt"
NKE,"2026-04-24 12-17_Struggling Nike will cut around 1,400 jobs in effi.txt"
NKE,"2026-04-24 03-58_Nike announces roughly 1,400 layoffs in latest rou.txt"
NKE,"2026-04-24 15-55_Crypto latest_ Michael Saylor says crypto 'winter'.txt"
MSFT,"2026-04-24 15-02_Does Lumentum Still Have Gas In Its Tank After A M.txt"
MSFT,"2026-04-24 14-35_Bill Gates donated $60 billion — and lost $356 bil.txt"
MSFT,"2026-04-24 16-16_Philippe Laffont’s Coatue Is Betting Billions on T.txt"
MSFT,"2026-04-24 16-08_Apple Got the CEO It Wants. The Stock Gets the One.txt"
MSFT,"2026-04-24 16-50_Don’t Fret the War. Why ‘Big Money’ Investors Are .txt"
MSFT,"2026-04-24 16-08_The 1 Energy Stock You Should Be Buying for the $7.txt"
MSFT,"2026-04-24 16-45_Michael Burry Just Went Long on Microsoft. Is the .txt"
MSFT,"2026-04-24 14-36_Microsoft Corporation (MSFT)_ A Must Have Safe Sto.txt"
MSFT,"2026-04-24 17-55_Apple vs. Microsoft_ One Quietly Grew Its Dividend.txt"
MSFT,"2026-04-24 16-57_Google's AI Reckoning_ Can Gemini Turn Dominance I.txt"
MSFT,"2026-04-24 16-03_Amazon, Microsoft, Alphabet, Oracle, CoreWeave see.txt"
MSFT,"2026-04-24 15-39_Are large layoff announcements a sign of something.txt"
MSFT,"2026-04-24 15-08_Alphabet's AI Push Reinforces Search Dominance_ Mo.txt"
MSFT,"2026-04-24 15-21_TDCowen’s GenAI adoption survey is bullish for the.txt"
MSFT,"2026-04-24 17-35_UBS has strong cloud growth expectations ahead of .txt"
MSFT,"2026-04-24 15-05_Amazon, Meta, Microsoft, Salesforce, and Stripe Jo.txt"
MSFT,"2026-04-24 14-43_4 Internet Stocks Poised to Top Estimates This Ear.txt"
MSFT,"2026-04-24 15-57_Jim Cramer on Microsoft_ “I’m Glad We Didn’t Dump .txt"
MSFT,"2026-04-24 15-55_Crypto latest_ Michael Saylor says crypto 'winter'.txt"
XOM,"2026-04-23 17-33_ExxonMobil Awards Saipem $150M Contract for Longta.txt"
XOM,"2026-04-22 18-00_Sector Update_ Energy Stocks Rise Wednesday Aftern.txt"
XOM,"2026-04-22 09-25_New Strong Buy Stocks for April 22nd.txt"
XOM,"2026-04-23 13-51_Golden Pass LNG begins exports from Sabine Pass te.txt"
XOM,"2026-04-22 07-45_Best Income Stocks to Buy for April 22nd.txt"
XOM,"2026-04-24 14-00_Analysts Estimate Exxon Mobil (XOM) to Report a De.txt"
XOM,"2026-04-22 21-22_This Is Why Exxon Mobil Corporation (XOM) Is Hikin.txt"
XOM,"2026-04-23 15-59_Eni Stock Looks Undervalued Ahead of Q1 Results_ T.txt"
XOM,"2026-04-24 17-13_Exxon Stock and Chevron Stock Are Up 20pct+ YTD – Wh.txt"
XOM,"2026-04-24 12-06_Exxon Mobil Weighs Hong Kong Esso Sale And Refocus.txt"
XOM,"2026-04-23 14-32_QatarEnergy, ExxonMobil Ship 1st Cargo from Texas .txt"
XOM,"2026-04-22 13-23_HELLENiQ Upstream Joins the 10th Balkans Energy Su.txt"
XOM,"2026-04-22 20-14_Top Analyst Reports for Exxon Mobil, IBM & Citigro.txt"
XOM,"2026-04-23 13-47_The Zacks Analyst Blog  Exxon, International Busin.txt"
XOM,"2026-04-24 18-41_Why Dividend Investors Are Watching Viper’s $1.5 B.txt"
XOM,"2026-04-22 13-23_Sector Update_ Energy Stocks Edge Higher Premarket.txt"
XOM,"2026-04-22 20-03_Sector Update_ Energy Stocks Advance Wednesday.txt"
XOM,"2026-04-23 14-33_QatarEnergy launches first LNG exports from $10bn .txt"
XOM,"2026-04-23 12-16_Buy 5 High-Flying Old Economy Stocks of 2026 With .txt"
JPM,"2026-04-24 03-59_Victory Giant Surges in Debut After Biggest Hong K.txt"
JPM,"2026-04-24 11-00_JPMorgan Announces Cash Distributions for the JPMo.txt"
JPM,"2026-04-24 10-20_Should JPMorgan BetaBuilders U.S. Mid Cap Equity E.txt"
JPM,"2026-04-24 16-01_JPMorgan Initiates Hims & Hers With Overweight_ Co.txt"
JPM,"2026-04-24 17-04_How The F5 (FFIV) Story Is Shifting With AI Securi.txt"
JPM,"2026-04-24 08-08_Trump Talks Up Iran Blockade as Israel-Lebanon Tru.txt"
JPM,"2026-04-24 16-13_American Express Gets Dueling Calls From BofA and .txt"
JPM,"2026-04-23 20-40_Bezos’ Physical AI Lab Has Closed Round at $38 Bil.txt"
JPM,"2026-04-24 11-03_A $900,000 Stock Portfolio Exposed to Just Three S.txt"
JPM,"2026-04-24 12-24_Warren Buffett Found Plenty of Stock Buys Over the.txt"
JPM,"2026-04-24 02-07_How The Tesco (LSE_TSCO) Investment Story Is Shift.txt"
JPM,"2026-04-24 00-11_Amazon-Backed Nuclear Firm X-Energy Raises $1.02 B.txt"
JPM,"2026-04-24 18-00_Big banks reevaluate blockchain after $293 million.txt"
JPM,"2026-04-24 16-51_Amazon-Backed X-Energy Climbs 31pct After $1.02 Bill.txt"
JPM,"2026-04-24 12-18_Collapsing Volatility Turbocharges Returns in Carr.txt"
JPM,"2026-04-24 04-01_Blackstone Shrugs off Private Credit Concerns amid.txt"
JPM,"2026-04-24 17-47_White House Sends Team to Pakistan as Iran Balks a.txt"
JPM,"2026-04-24 02-51_JPMorgan leads by value and Houlihan Lokey by volu.txt"
PFE,"2026-04-23 09-04_Pfizer’s Monthly GLP-1 Push Tests Balance Between .txt"
PFE,"2026-04-22 16-05_Should You Forget Pfizer and Buy This Pharma Stock.txt"
PFE,"2026-04-23 11-30_Helus Pharma Strengthens Scientific Advisory Board.txt"
PFE,"2026-04-23 14-07_Want $4,200 in Passive Income_ Invest $90,000 ($30.txt"
PFE,"2026-04-24 10-59_Bristol Myers Squibb and Pfizer to Make Eliquis® (.txt"
PFE,"2026-04-24 17-34_Bristol Myers, Pfizer Bring Eliquis to Cost Plus a.txt"
PFE,"2026-04-22 20-45_Pfizer Declares Second-Quarter 2026 Dividend.txt"
PFE,"2026-04-22 21-45_Pfizer (PFE) Stock Sinks As Market Gains_ What You.txt"
PFE,"2026-04-23 21-49_Regeneron Shares Up on Trump Drug Pricing Deal.txt"
PFE,"2026-04-24 15-00_Eli Lilly's new GLP-1 pill vs. Wegovy, JPMorgan in.txt"
PFE,"2026-04-24 14-49_Pfizer Inc. (PFE)_ One of the Best Safe Stocks to .txt"
PFE,"2026-04-22 15-01_Pfizer CFO Dave Denton on Oncology, Obesity, and P.txt"
PFE,"2026-04-23 13-16_Here's How Eli Lilly's Oncology Drugs Are Poised A.txt"
PFE,"2026-04-23 20-03_Novo Nordisk Expands GLP-1 Reach With Pediatric Or.txt"
PFE,"2026-04-22 06-05_Pfizer’s ASCO Oncology Data Puts Future Cancer Rev.txt"
PFE,"2026-04-24 13-04_Germany Anemia Treatment Market Forecast and Compa.txt"
PFE,"2026-04-23 15-30_Is Zoetis Inc. (ZTS) A Good Stock To Buy Now_.txt"
PFE,"2026-04-23 06-27_Richest countries in 2026_ New measure of wealth p.txt"
PFE,"2026-04-22 09-08_Drug Delivery Devices Market Insights, Competitive.txt"
PFE,"2026-04-21 17-17_Just Five Dividend Stocks Transform $500,000 Into .txt"
JNJ,"2026-04-23 12-46_BNO Strengthens Leadership Team for Next Phase of .txt"
JNJ,"2026-04-23 15-26_BDTX Stock_ Neutral Zacks Rank, $4 Target, and Wha.txt"
JNJ,"2026-04-23 18-07_Johnson And Johnson Autoimmune Pipeline Gains With.txt"
JNJ,"2026-04-23 15-23_Black Diamond's Lead Drug Silevertinib_ Key Data, .txt"
JNJ,"2026-04-23 11-54_Jim Cramer Called Johnson & Johnson “The Best Drug.txt"
JNJ,"2026-04-23 12-00_Theialife Appoints Thomas Ruggia as President and .txt"
JNJ,"2026-04-23 16-31_SYRE Stock Jumps More Than 70pct in a Month_ What Is.txt"
JNJ,"2026-04-23 20-04_These 5 Stocks Pay You Even When You’re Sleeping.txt"
JNJ,"2026-04-24 08-00_Lilly’s CAR-T devotion; CBER’s next top dog_.txt"
JNJ,"2026-04-23 15-29_BDTX and the CNS-Active EGFR Trend_ Why C797S Is t.txt"
JNJ,"2026-04-24 11-03_A $900,000 Stock Portfolio Exposed to Just Three S.txt"
JNJ,"2026-04-24 11-00_J&J lands CE mark for surgical stapler that works .txt"
JNJ,"2026-04-23 13-00_Viz.ai Announces Strategic Collaboration to Expand.txt"
JNJ,"2026-04-23 13-08_AbbVie Q1 Earnings Loom_ Buy or Sell the Stock Ahe.txt"
JNJ,"2026-04-24 13-04_Germany Anemia Treatment Market Forecast and Compa.txt"
JNJ,"2026-04-23 15-54_Why BSX Stock's Q1 Beat Is A Lagging Indicator.txt"
JNJ,"2026-04-23 20-47_Is Johnson & Johnson (JNJ) the Best Counter Cyclic.txt"
JNJ,"2026-04-24 13-42_Genmab A_S (GMAB) Rating Lifted by Goldman Sachs o.txt"
JNJ,"2026-04-24 16-50_Johnson & Johnson (JNJ)_ Growth Engine at a Value .txt"
BAC,"2026-04-23 11-06_Why The Story Around Simon Property Group (SPG) Is.txt"
BAC,"2026-04-23 20-15_Bank of America Declares Second Quarter 2026 Stock.txt"
BAC,"2026-04-23 19-58_IBM Q1 earnings beat offset by softer software mom.txt"
BAC,"2026-04-22 20-06_Berkshire Hathaway Is Selling Down These 4 Positio.txt"
BAC,"2026-04-23 17-01_Bank of America (BAC) Remains in Warren Buffett’s .txt"
BAC,"2026-04-23 11-33_More people are turning to AI to help navigate tig.txt"
BAC,"2026-04-23 22-00_Historic Artworks Receive Funding through BofA's A.txt"
BAC,"2026-04-23 14-18_I’m a Banking Expert_ Smart Ways To Use a Bigger T.txt"
BAC,"2026-04-23 19-30_Alphabet set to report modest beat for Q1 driven b.txt"
BAC,"2026-04-23 17-21_Texas Instruments To Benefit From Industrial Resur.txt"
BAC,"2026-04-24 01-10_Shifting Narrative For Smith Douglas Homes (SDHC) .txt"
BAC,"2026-04-23 13-15_Bank of America’s CEO Told Employees ‘You Don’t Ha.txt"
BAC,"2026-04-24 12-18_Collapsing Volatility Turbocharges Returns in Carr.txt"
BAC,"2026-04-23 17-41_Tesla sees analyst support on strong auto margins,.txt"
BAC,"2026-04-22 21-49_This Is Why Advanced Micro Devices (AMD) Is a Top .txt"
BAC,"2026-04-24 04-27_The Bull Case For New York Times (NYT) Could Chang.txt"
BAC,"2026-04-24 16-10_Restaurant Stocks Trail Market Amid Soft Demand, E.txt"
BAC,"2026-04-23 20-05_How The DT Midstream (DTM) Story Is Shifting On Gr.txt"
BAC,"2026-04-22 21-50_This Is Why Jefferies Believes Bank of America Cor.txt"
AAPL,"2026-04-24 11-58_US-Sanctioned Supertanker With Iran Oil Halts Horm.txt"
AAPL,"2026-04-24 16-57_Intel's Post-Earnings Remarks Indicate Full-Year R.txt"
AAPL,"2026-04-24 14-21_Apple Stock, Back In Growth Mode, In Earnings Spot.txt"
AAPL,"2026-04-24 16-08_Apple Got the CEO It Wants. The Stock Gets the One.txt"
AAPL,"2026-04-24 15-35_This Stock Made Me Buy Again (And Again).txt"
AAPL,"2026-04-24 10-35_This Tech Company Is a Top AI Stock on Robinhood. .txt"
AAPL,"2026-04-24 14-33_Apple Inc. (AAPL)_ Foundational Asset for Beginner.txt"
AAPL,"2026-04-24 11-35_Investors Will Soon Have Two New Alternatives to I.txt"
AAPL,"2026-04-24 14-00_Tim Cook is stepping down. What happens to Apple n.txt"
AAPL,"2026-04-24 17-55_Apple vs. Microsoft_ One Quietly Grew Its Dividend.txt"
AAPL,"2026-04-24 11-24_Next Week Will Test the Stock Market’s Record-Sett.txt"
AAPL,"2026-04-24 18-00_Qualcomm Stock Jumps 11pct – Here’s Why It’s Still D.txt"
AAPL,"2026-04-24 11-03_A $900,000 Stock Portfolio Exposed to Just Three S.txt"
AAPL,"2026-04-24 14-06_Apple Lawsuit Puts Apple Pay Risks And Investor Fo.txt"
AAPL,"2026-04-24 12-24_Warren Buffett Found Plenty of Stock Buys Over the.txt"
AAPL,"2026-04-24 11-30_Reliance Digital's 'All About Apple' Campaign Brin.txt"
AAPL,"2026-04-24 14-17_AFRC hits PwC with $38.3m fine and curbs over Ever.txt"
AAPL,"2026-04-24 13-29_Is Qualcomm The Next AI Stock To Surge_.txt"
AAPL,"2026-04-24 14-31_QUALCOMM Incorporated (QCOM)_ One of the AI Stocks.txt"
AAPL,"2026-04-24 15-36_Stock Market Holds Near Highs As Intel Leads Chip .txt"
HAL,"2026-04-22 18-32_Liner Hanger System Market to Reach USD 6,268.42 M.txt"
HAL,"2026-04-22 15-31_Halliburton Q1 Beats Expectations on Strong Intern.txt"
HAL,"2026-04-24 05-04_RPC (RES) Is Up 6.9pct After Halliburton’s Overseas .txt"
HAL,"2026-04-22 11-55_NESR's Cementing Contracts Highlight Core Market S.txt"
HAL,"2026-04-24 15-24_Patterson-UTI Energy Q1 Earnings & Revenues Beat E.txt"
HAL,"2026-04-22 20-25_Weatherford, IBD Stock Of The Day, Shows Resilienc.txt"
HAL,"2026-04-22 13-32_Oilfield Services Market Global Forecast Report 20.txt"
HAL,"2026-04-23 01-25_Why Halliburton (HAL) Stock Is Up Today.txt"
HAL,"2026-04-24 15-19_Oceaneering Q1 Earnings Fall Short of Estimates, R.txt"
HAL,"2026-04-22 07-02_Halliburton Co (HAL) Q1 2026 Earnings Call Highlig.txt"
HAL,"2026-04-22 00-21_Why ProPetro (PUMP) Stock Is Trading Up Today.txt"
HAL,"2026-04-22 00-13_Why RPC (RES) Stock Is Trading Up Today.txt"
HAL,"2026-04-22 02-30_Halliburton Profit Jumps as International Growth O.txt"
HAL,"2026-04-23 08-05_Stocks making big moves yesterday_ Washington Trus.txt"
HAL,"2026-04-24 17-30_Baker Hughes Q1 Revenue Beats Estimates by $260 Mi.txt"
HAL,"2026-04-24 13-56_Liberty Energy Q1 Earnings & Revenues Surpass Esti.txt"
HAL,"2026-04-22 14-21_HAL Q1 CY2026 Deep Dive_ Margin Expansion Amid Glo.txt"
HAL,"2026-04-22 12-20_Company News for Apr 22, 2026.txt"
HAL,"2026-04-22 10-23_Halliburton Q1 2026 net income increases to $461m.txt"
HAL,"2026-04-22 11-58_Here Are Wednesday’s Top Wall Street Analyst Resea.txt"
MMM,"2026-04-21 12-52_AI Optimism Lifts US Equity Futures Pre-Bell Amid .txt"
MMM,"2026-04-21 13-53_3M Tops First-Quarter Earnings Views; Maintains Fu.txt"
MMM,"2026-04-21 15-06_Markets Open Higher.txt"
MMM,"2026-04-21 17-07_3M Reports $2.14 EPS Beat While Organic Sales Fall.txt"
MMM,"2026-04-21 14-28_Pre-Markets Back Up at Latest Crossroads in Iran.txt"
MMM,"2026-04-22 16-37_3M's 'Modest' Q1 Operating Beat Led by FX Tailwind.txt"
MMM,"2026-04-24 15-28_Carlisle Q1 Earnings Beat Estimates, Organic Reven.txt"
MMM,"2026-04-21 14-28_3M beats Q1 profit estimates on margin gains, main.txt"
MMM,"2026-04-21 20-55_3M’s Earnings Top Wall Street Estimates. Why the S.txt"
MMM,"2026-04-22 14-13_MMM Q1 Deep Dive_ Productivity Gains and Strategic.txt"
MMM,"2026-04-22 00-16_Assessing 3M (MMM) Valuation After Q1 2026 Earning.txt"
MMM,"2026-04-22 07-02_3M Co (MMM) Q1 2026 Earnings Call Highlights_ Stro.txt"
MMM,"2026-04-24 14-58_3M Company (MMM)_ High-Margin Industrial Powerhous.txt"
MMM,"2026-04-21 16-38_3M's Q1 Earnings Top Estimates, Safety & Industria.txt"
MMM,"2026-04-21 15-51_3M Q1 Earnings Call Highlights.txt"
MMM,"2026-04-22 14-05_3M Stock Pulls Back, But Catalysts Point to New Hi.txt"
MMM,"2026-04-23 15-34_HON's Q1 Earnings Top Estimates, Aerospace Technol.txt"
MMM,"2026-04-21 13-30_3M (MMM) Q1 Earnings_ Taking a Look at Key Metrics.txt"
MMM,"2026-04-21 20-43_3M Company Q1 2026 Earnings Call Summary.txt"
GOOG,"2026-04-24 16-06_KeyBanc Lifts Roku Price Target to $140_ Is the St.txt"
GOOG,"2026-04-24 16-10_Citi and Evercore Pile Into Intel With Huge Price .txt"
GOOG,"2026-04-24 16-08_Apple Got the CEO It Wants. The Stock Gets the One.txt"
GOOG,"2026-04-24 16-51_Oracle Corporation (ORCL)_ A Safe Stock for Beginn.txt"
GOOG,"2026-04-24 17-34_Sector Update_ Tech Stocks Gain Friday Afternoon.txt"
GOOG,"2026-04-24 16-08_The 1 Energy Stock You Should Be Buying for the $7.txt"
GOOG,"2026-04-24 17-35_Nvidia stock on track for record close, pushing ma.txt"
GOOG,"2026-04-24 16-57_Google's AI Reckoning_ Can Gemini Turn Dominance I.txt"
GOOG,"2026-04-24 16-03_Amazon, Microsoft, Alphabet, Oracle, CoreWeave see.txt"
GOOG,"2026-04-24 17-00_Cognition AI Seeks Funding At $25 Billion Valuatio.txt"
GOOG,"2026-04-24 17-35_UBS has strong cloud growth expectations ahead of .txt"
GOOG,"2026-04-24 16-48_Alphabet Inc. (GOOGL)_ Bill Ackman Likes This Tech.txt"
GOOG,"2026-04-24 18-07_Cadence’s Expanded AI Alliances With TSMC, NVIDIA .txt"
GOOG,"2026-04-24 16-38_Google investing up to $40 billion in Anthropic.txt"
GOOG,"2026-04-24 16-37_Google and Anthropic deepen ties_ $40B deal sets s.txt"
GOOG,"2026-04-24 18-07_Google Stock Rises After Massive $40B AI Bet on An.txt"
GOOG,"2026-04-24 16-25_Nvidia Is Rallying. Why Intel, Hyperscalers May Be.txt"
GOOG,"2026-04-24 18-09_Nvidia market cap back above $5T, Alphabet to inve.txt"
GOOG,"2026-04-24 17-01_'We Will Have More Agents Than Human Employees,' C.txt"
GOOG,"2026-04-24 17-13_Intel stock hits record high, Hut 8's Google-backe.txt"
